日期,小时,主播,场控,场次,消耗,整体GMV,整体ROI,智能优惠劵金额,退款金额,整体GSV,实际ROI,大瓶装订单数,三瓶装订单数,成交人数,成交件数,客单价,直播间曝光次数,直播间曝光人数,直播间进入人数,直播间观看次数,在线峰值,平均在线,引流成本,转化成本,整体uv价值,GPM,人均观看时长,直播间曝光人数.1,观看人数,曝光进入率,商品曝光人数,商品-曝光率,商品点击人数,商品点击率,成交人数.1,点击转化率,画面-消耗,画面-gmv,画面-roi,画面-消耗占比,画面-CTR,画面-CVR,画面-曝光数,画面-点击数,画面-转化数,视频-消耗,视频-gmv,视频-roi,视频-消耗占比,视频-CTR,视频-CVR,视频-曝光数,视频-点击数,视频-转化数,调控消耗,调控GMV,调控ROI,调控成交订单数,调控-消耗占比
2025-07-05,18:00-19:00,龙海梅,,D场,2814.02,4711.9,1.67,1415.17,384.0,4327.9,1.54,4,23,31,33,142.78,16940,8288,509,765,40,17,5.53,85.27,9.26,6159.35,62,8288,509,0.0614,458,0.8998,152,0.3319,31,0.2039,495.1,892.0,1.8,0.1759,0.0604,0.0119,9704,586,7,1693.9,2729.9,1.61,0.602,0.0286,0.075,11172,320,24,362.32,594.0,1.64,6,0.1288
2025-07-05,19:00-20:00,柯燕慧,,E场,2767.62,5083.8,1.84,1354.29,634.4,4449.4,1.61,5,40,45,49,103.75,21195,10090,655,965,40,18,4.23,56.48,7.76,5268.19,65,10090,655,0.0649,614,0.9374,233,0.3795,45,0.1931,393.07,1382.0,3.52,0.142,0.0593,0.0177,11438,678,12,2410.2,4093.8,1.7,0.8709,0.036,0.0642,14290,514,33,1266.84,1763.8,1.39,18,0.4577
2025-07-05,20:00-21:00,柯燕慧,,E场,2999.62,7195.0,2.4,1748.31,311.74,6883.26,2.29,8,46,60,60,119.92,22262,9615,616,935,40,18,4.87,49.99,11.68,7695.19,67,9615,616,0.0641,569,0.9237,198,0.348,60,0.303,578.71,1937.0,3.35,0.1929,0.0577,0.0235,11822,682,16,2466.14,5456.0,2.21,0.8222,0.0312,0.0901,15270,477,43,710.45,1287.0,1.81,13,0.2368
2025-07-05,21:00-22:00,柯燕慧,,E场,3195.65,6077.9,1.9,1338.41,258.0,5819.9,1.82,4,45,55,55,110.51,26811,10247,745,1160,40,18,4.29,58.1,8.16,5239.57,68,10247,745,0.0727,660,0.8859,194,0.2939,55,0.2835,668.26,2234.0,3.34,0.2091,0.066,0.0198,14531,959,19,2596.65,3843.9,1.48,0.8126,0.0327,0.0602,17783,581,35,65.8,297.0,4.51,3,0.0206
2025-07-05,22:00-23:00,陈如敏,,F场,2279.18,3566.0,1.56,899.75,436.2,3129.8,1.37,2,32,32,33,108.06,20174,6479,657,1123,40,17,3.47,69.07,5.43,3175.42,67,6479,657,0.1014,586,0.8919,156,0.2662,32,0.2051,574.12,891.0,1.55,0.2519,0.0707,0.0099,12889,911,9,1788.75,2774.0,1.55,0.7848,0.0364,0.0524,12590,458,24,28.1,0.0,0.0,0,0.0123
2025-07-05,23:00-00:00,陈如敏,,F场,1113.94,2713.9,2.44,488.28,221.4,2492.5,2.24,1,22,24,27,100.51,11024,3051,417,743,40,17,2.67,41.26,6.51,3652.62,66,3051,417,0.1367,368,0.8825,108,0.2935,24,0.2222,275.27,1257.9,4.57,0.2471,0.0751,0.022,7851,590,13,856.15,1485.0,1.73,0.7686,0.0441,0.0542,6278,277,15,49.21,198.0,4.02,2,0.0442
2025-07-06,00:00-01:00,陈如敏,,F场,1365.46,2436.9,1.78,634.06,97.0,2339.9,1.71,1,20,25,26,93.73,12651,4468,413,715,40,16,3.31,52.52,5.9,3408.25,66,4468,413,0.0924,370,0.8959,114,0.3081,25,0.2193,358.74,574.0,1.6,0.2627,0.07,0.0107,7988,559,6,1232.97,2979.0,2.42,0.903,0.0407,0.0432,8519,347,15,312.25,198.0,0.63,0,0.2287
2025-07-06,07:00-08:00,马冰,,A场,2629.54,4102.25,1.56,1020.8,0.0,4102.25,1.56,2,29,38,38,107.95,17284,12540,733,870,21,9,3.59,69.2,5.6,4715.23,36,12540,733,0.0585,315,0.4297,168,0.5333,38,0.2262,366.22,792.0,2.16,0.1393,0.0691,0.0137,8426,582,8,1308.98,1000.0,0.76,0.4978,0.036,0.0578,20649,744,43,676.23,465.0,0.69,5,0.2572
2025-07-06,08:00-09:00,马冰,,A场,2293.72,5735.0,2.5,1068.77,676.4,5058.6,2.21,10,32,39,43,133.37,14458,8718,575,771,24,11,3.99,53.34,9.97,7438.39,49,8718,575,0.066,253,0.44,156,0.6166,39,0.25,397.34,2281.0,5.74,0.1732,0.0731,0.0235,8709,637,15,1879.9,3751.0,2.0,0.8196,0.0359,0.076,9514,342,26,170.62,491.0,2.88,3,0.0744
2025-07-06,09:00-10:00,马冰,,A场,3524.31,5918.9,1.68,1171.39,942.0,4976.9,1.41,8,31,43,46,128.67,22186,12372,833,1098,34,13,4.23,76.62,7.11,5390.62,54,12372,833,0.0673,347,0.4166,200,0.5764,44,0.22,876.78,1670.0,1.9,0.2488,0.0653,0.0143,13929,909,13,2756.83,4248.9,1.54,0.7822,0.0346,0.0601,14923,516,31,91.49,99.0,1.08,1,0.026
2025-07-06,10:00-11:00,马冰,,A场,3020.62,4924.9,1.63,1017.92,343.0,4581.9,1.52,8,26,41,43,114.53,20899,10617,784,1155,37,15,3.85,70.25,6.28,4263.98,61,10617,784,0.0738,319,0.4069,200,0.627,40,0.2,816.63,2061.0,2.52,0.2704,0.0731,0.0173,13410,980,17,2351.84,3850.9,1.64,0.7786,0.035,0.0579,13324,466,27,161.38,198.0,1.23,2,0.0534
2025-07-06,11:00-12:00,邝玮琪,,B场,2675.39,6430.0,2.4,1122.18,278.93,6151.07,2.3,7,44,52,55,116.91,19720,9011,647,986,37,15,4.14,48.64,9.94,6521.3,61,9011,647,0.0718,268,0.4142,155,0.5784,52,0.3355,716.15,3835.0,5.36,0.2677,0.0633,0.031,13266,840,26,2067.4,2872.0,1.39,0.7727,0.0324,0.0694,12011,389,27,53.57,0.0,0.0,0,0.02
2025-07-06,12:00-13:00,邝玮琪,,B场,2986.19,6026.8,2.02,1157.92,476.0,5550.8,1.86,6,48,52,57,105.73,21375,9476,677,1050,37,15,4.41,52.39,8.9,5739.81,63,9476,677,0.0714,311,0.4594,181,0.582,52,0.2873,713.04,2845.9,3.99,0.2388,0.0622,0.027,13694,852,23,2417.48,3675.9,1.52,0.8096,0.0345,0.069,13871,478,33,12.59,99.0,7.86,1,0.0042
2025-07-06,13:00-14:00,邝玮琪,,B场,3912.36,6816.0,1.74,1312.13,1064.17,5751.83,1.47,11,46,55,59,115.53,24633,10696,769,1188,37,16,5.09,66.31,8.86,5737.37,63,10696,769,0.0719,354,0.4603,242,0.6836,57,0.2355,600.29,1492.0,2.49,0.1534,0.0727,0.0125,12139,882,11,3338.72,6420.0,1.92,0.8534,0.0334,0.0711,19782,661,47,573.68,693.0,1.21,7,0.1466
2025-07-06,14:00-15:00,邝玮琪,,B场,3765.76,7750.8,2.06,2012.69,618.8,7132.0,1.89,7,52,70,75,103.34,23524,10059,738,1162,37,16,5.1,50.21,10.5,6670.22,63,10059,738,0.0734,376,0.5095,245,0.6516,68,0.2776,525.01,1373.0,2.62,0.1394,0.0682,0.0127,11519,786,10,3429.51,6575.8,1.92,0.9107,0.0353,0.0891,18423,651,58,1257.11,2819.8,2.24,29,0.3338
2025-07-06,15:00-16:00,蔡仲琼,,C场,2707.18,4889.0,1.81,1322.46,66.0,4823.0,1.78,3,36,43,47,104.02,18333,6667,509,851,37,15,5.32,57.6,9.61,5745.01,63,6667,509,0.0763,240,0.4715,160,0.6667,45,0.2813,383.98,1767.0,4.6,0.1418,0.0696,0.0215,9363,652,14,2367.36,3263.0,1.38,0.8745,0.0314,0.0713,13833,435,31,550.03,1089.0,1.98,11,0.2032
2025-07-06,16:00-17:00,蔡仲琼,,C场,3774.29,7390.0,1.96,2232.61,359.49,7030.51,1.86,4,58,71,73,101.23,22969,9198,684,1073,37,15,5.52,51.7,10.8,6887.23,64,9198,684,0.0744,385,0.5629,242,0.6286,70,0.2893,433.69,1638.0,3.78,0.1149,0.0641,0.0188,10788,692,13,3573.87,6344.0,1.78,0.9469,0.033,0.1003,18146,598,60,1682.85,3362.0,2.0,34,0.4459
2025-07-06,17:00-18:00,蔡仲琼,,C场,3653.42,6483.58,1.77,2045.26,55.0,6428.58,1.76,3,40,54,57,113.75,21467,7413,539,937,37,15,6.78,64.1,12.03,6919.51,66,7413,539,0.0727,330,0.6122,223,0.6758,53,0.2377,413.92,1487.0,3.59,0.1133,0.0582,0.018,10510,612,11,3257.06,5194.58,1.59,0.8915,0.0334,0.083,16965,566,47,1985.77,2963.58,1.49,30,0.5435
2025-07-06,18:00-19:00,蔡仲琼,,C场,3871.11,6307.0,1.63,1615.04,315.99,5991.01,1.55,6,43,54,56,112.63,22830,8405,624,963,37,15,6.2,69.13,10.11,6549.33,66,8405,624,0.0742,405,0.649,259,0.6395,54,0.2085,258.47,1659.0,6.42,0.0668,0.0564,0.0184,10628,599,11,3666.61,4757.0,1.3,0.9472,0.0355,0.0681,18179,646,44,2451.92,2681.0,1.09,27,0.6334
2025-07-06,19:00-20:00,柯燕慧,,D场,2814.0,4911.6,1.75,1431.96,114.99,4796.61,1.7,5,29,44,47,104.5,20440,6774,540,894,37,15,5.21,59.87,9.1,5493.96,65,6774,540,0.0797,290,0.537,190,0.6552,45,0.2368,331.37,940.0,2.84,0.1178,0.0618,0.0123,10490,648,8,2537.99,4139.9,1.63,0.9019,0.0339,0.0684,15525,526,36,1254.03,1865.9,1.49,17,0.4456
2025-07-06,20:00-21:00,柯燕慧,,D场,2432.18,3546.9,1.46,855.47,110.0,3436.9,1.41,3,27,35,35,101.34,17289,4903,465,810,37,15,5.23,69.49,7.63,4378.89,65,4903,465,0.0948,228,0.4903,162,0.7105,34,0.2099,323.98,991.0,3.06,0.1332,0.065,0.0135,9130,593,8,2311.9,3240.9,1.4,0.9505,0.0361,0.0581,12881,465,27,954.4,892.0,0.93,7,0.3924
2025-07-06,21:00-22:00,柯燕慧,,D场,3194.06,5453.0,1.71,1353.65,658.0,4795.0,1.5,4,45,53,54,100.98,20915,5352,601,1013,37,15,5.31,59.15,9.07,5383.02,67,5352,601,0.1123,295,0.4908,200,0.678,53,0.265,526.86,1983.0,3.76,0.1649,0.0663,0.0205,11747,779,16,2816.53,3966.0,1.41,0.8818,0.0395,0.0634,15173,599,38,942.11,1287.0,1.37,13,0.295
2025-07-06,22:00-23:00,陈如敏,,E场,2557.45,4263.0,1.67,945.77,99.0,4164.0,1.63,1,36,41,43,99.14,18715,4199,499,966,37,15,5.13,59.48,8.54,4413.04,68,4199,499,0.1188,216,0.4329,136,0.6296,41,0.3015,617.45,2076.0,3.36,0.2414,0.066,0.0214,12035,794,17,2025.32,2693.0,1.33,0.7919,0.0359,0.0572,13140,472,27,147.45,297.0,2.01,3,0.0577
2025-07-06,23:00-00:00,陈如敏,,E场,2037.76,4646.0,2.28,917.57,512.39,4133.61,2.03,3,37,37,42,110.62,14576,3572,417,794,37,15,4.89,48.52,11.14,5851.39,68,3572,417,0.1167,177,0.4245,122,0.6893,37,0.3033,364.67,2078.0,5.7,0.179,0.0654,0.0245,9337,611,15,1724.03,2568.0,1.49,0.846,0.0369,0.0703,10036,370,26,245.1,592.0,2.42,6,0.1203
2025-07-07,00:00-01:00,陈如敏,,E场,1199.13,2390.0,1.99,367.22,227.7,2162.3,1.8,4,12,16,17,140.59,9989,2703,299,483,37,14,4.01,70.54,7.99,4948.24,68,2703,299,0.1106,110,0.3679,70,0.6364,16,0.2286,371.95,1191.0,3.2,0.3102,0.0604,0.0131,7571,457,6,1138.13,2087.0,1.83,0.9491,0.0317,0.0558,8489,269,15,186.37,0.0,0.0,0,0.1554
2025-07-07,07:00-08:00,蔡仲琼,,A场,1799.64,3168.0,1.76,559.0,0.0,3168.0,1.76,2,27,28,28,113.14,13610,9671,544,621,19,8,3.31,64.27,5.82,5101.45,42,9671,544,0.0563,233,0.4283,139,0.5966,28,0.2014,635.51,1783.0,2.81,0.3531,0.0615,0.0125,15563,957,12,2710.72,4663.0,1.72,1.5063,0.0294,0.0712,17674,520,37,600.91,703.0,1.17,7,0.3339
2025-07-07,08:00-09:00,蔡仲琼,,A场,2575.62,4927.0,1.91,1161.73,713.4,4213.6,1.64,4,38,44,45,109.49,17154,10830,624,812,19,9,4.13,57.24,7.9,6067.73,42,10830,624,0.0576,288,0.4615,165,0.5729,44,0.2667,450.52,1982.0,4.4,0.1749,0.0623,0.0246,10430,650,16,2157.79,3242.0,1.5,0.8378,0.033,0.0732,12006,396,29,339.64,495.0,1.46,5,0.1319
2025-07-07,09:00-10:00,蔡仲琼,,A场,2467.99,4521.0,1.83,1082.42,214.0,4307.0,1.75,4,32,40,43,105.14,16560,8984,557,741,19,9,4.43,57.4,8.12,6101.21,43,8984,557,0.062,261,0.4686,157,0.6015,41,0.2611,464.78,1429.9,3.08,0.1883,0.0574,0.022,10297,591,13,2064.35,3280.0,1.59,0.8364,0.0329,0.0722,11353,374,27,264.11,595.0,2.25,4,0.107
2025-07-07,10:00-11:00,蔡仲琼,,A场,2342.92,2792.6,1.19,855.05,0.0,2792.6,1.19,2,21,29,28,99.74,15502,7822,450,642,24,9,5.21,83.68,6.21,4349.84,48,7822,450,0.0575,446,0.9911,135,0.3027,28,0.2074,358.51,888.0,2.48,0.153,0.0554,0.0102,8809,488,5,2101.57,2356.0,1.12,0.897,0.0297,0.0712,11328,337,24,807.96,792.0,0.98,8,0.3449
2025-07-07,11:00-12:00,彭璜,,B场,1803.63,3550.0,1.97,578.96,99.0,3451.0,1.91,4,25,29,32,110.94,13532,5778,443,659,24,10,4.07,56.36,8.01,5386.95,56,5778,443,0.0767,420,0.9481,129,0.3071,29,0.2248,339.09,1277.0,3.77,0.188,0.0615,0.0171,8576,527,9,1477.85,2571.0,1.74,0.8194,0.0352,0.0696,8974,316,22,305.33,396.0,1.3,4,0.1693
2025-07-07,12:00-13:00,彭璜,,B场,2174.47,3546.9,1.63,691.96,340.99,3205.91,1.47,2,28,30,32,110.84,16116,6850,507,739,25,11,4.29,67.95,7.0,4799.59,59,6850,507,0.074,466,0.9191,140,0.3004,30,0.2143,407.92,1367.0,3.35,0.1876,0.0586,0.0204,10010,587,12,1847.08,2377.9,1.29,0.8494,0.0351,0.0543,11542,405,22,216.09,505.0,2.34,5,0.0994
2025-07-07,13:00-14:00,彭璜,,B场,1268.27,2137.9,1.69,400.16,170.0,1967.9,1.55,1,17,19,21,101.8,11032,3889,337,592,37,11,3.76,60.39,6.34,3611.32,62,3889,337,0.0867,324,0.9614,119,0.3673,19,0.1597,247.86,554.9,2.24,0.1954,0.0636,0.0126,7463,475,6,1107.16,1682.0,1.52,0.873,0.0389,0.0554,6968,271,15,296.43,297.0,1.0,3,0.2337
2025-07-07,14:00-15:00,彭璜,,B场,1217.83,2694.12,2.21,451.6,99.0,2595.12,2.13,2,24,25,26,103.62,10445,3320,274,470,37,11,4.44,46.84,9.83,5732.17,65,3320,274,0.0825,244,0.8905,81,0.332,25,0.3086,144.28,1373.0,9.52,0.1185,0.0579,0.026,6628,384,10,1082.72,1549.12,1.43,0.8891,0.0342,0.0711,6573,225,16,367.49,495.0,1.35,5,0.3018
2025-07-07,15:00-16:00,龚传豪,,C场,1913.73,3960.0,2.07,943.06,59.4,3900.6,2.04,0,38,40,40,99.0,16014,6359,448,703,37,11,4.27,47.84,8.84,5633.0,68,6359,448,0.0705,407,0.9085,150,0.3686,40,0.2667,252.61,1000.0,3.96,0.132,0.0667,0.0189,7931,529,10,1684.86,3059.0,1.82,0.8804,0.0317,0.0873,11185,355,31,626.92,1396.0,2.23,14,0.3276
2025-07-07,16:00-17:00,龚传豪,,C场,1778.1,3363.0,1.89,1002.58,300.0,3063.0,1.72,4,18,23,27,124.56,11068,5127,375,661,37,11,4.74,65.86,8.97,5087.75,75,5127,375,0.0731,345,0.92,115,0.3333,23,0.2,118.12,656.6,5.56,0.0664,0.0612,0.0163,6012,368,6,1092.0,1363.0,1.25,0.6141,0.0342,0.056,6785,232,13,511.0,857.0,1.68,7,0.2874
2025-07-07,17:00-18:00,龚传豪,,C场,1599.19,3138.0,1.96,781.34,300.0,2838.0,1.77,3,17,27,30,104.6,11068,5127,374,662,37,11,4.28,53.31,8.39,4740.18,75,5127,374,0.0729,346,0.9251,116,0.3353,27,0.2328,118.0,656.7,5.57,0.0738,0.0614,0.0163,6012,369,6,1091.0,1364.0,1.25,0.6822,0.0343,0.0601,6785,233,14,511.43,858.0,1.68,7,0.3198
2025-07-07,18:00-19:00,龙海梅,,D场,1479.17,3039.0,2.05,473.06,397.12,2641.88,1.79,2,11,23,25,121.56,11068,5127,375,661,37,12,3.94,59.17,8.1,4597.58,75,5127,375,0.0731,344,0.9173,115,0.3343,23,0.2,118.0,656.6,5.56,0.0798,0.0612,0.0163,6012,368,6,1091.0,1363.0,1.25,0.7376,0.0342,0.056,6785,232,13,511.0,857.0,1.68,6,0.3455
2025-07-07,19:00-20:00,龙海梅,,D场,1841.15,4349.2,2.36,735.54,257.4,4091.8,2.22,8,22,30,34,127.92,13550,4626,335,563,37,12,5.5,54.15,12.98,7725.04,76,4626,335,0.0724,304,0.9075,100,0.3289,31,0.31,361.73,1668.0,4.61,0.1965,0.0543,0.0286,8355,454,13,1287.57,2979.2,2.31,0.6993,0.029,0.0686,9549,277,19,177.1,158.4,0.89,2,0.0962
2025-07-07,20:00-21:00,龙海梅,,D场,2883.0,5871.9,2.04,1463.0,466.4,5405.5,1.87,7,39,50,54,108.74,23272,8590,644,995,37,12,4.48,53.39,9.12,5901.41,75,8590,644,0.075,573,0.8898,214,0.3735,51,0.2383,621.4,2057.0,3.31,0.2155,0.0595,0.0188,13448,800,15,2275.12,4409.9,1.94,0.7892,0.0326,0.0673,16893,550,37,449.33,1492.0,3.32,11,0.1559
2025-07-07,21:00-22:00,龙海梅,,D场,2923.45,5228.9,1.79,1369.02,216.3,5012.6,1.71,3,37,50,50,104.58,22712,7747,635,1010,37,12,4.6,58.47,8.23,5177.13,74,7747,635,0.082,579,0.9118,185,0.3195,48,0.2595,569.46,2388.9,4.2,0.1948,0.0647,0.0231,12688,821,19,2443.64,3322.95,1.36,0.8359,0.032,0.0635,15746,504,32,241.89,393.05,1.62,4,0.0827
2025-07-07,22:00-23:00,陈如敏,,E场,2764.51,4737.15,1.71,926.45,772.0,3965.15,1.43,6,29,37,40,118.43,20674,6074,607,1010,37,12,4.55,69.11,7.8,4690.25,73,6074,607,0.0999,527,0.8682,190,0.3605,37,0.1947,427.84,2167.0,5.06,0.1548,0.0643,0.0166,12185,784,13,2422.55,2570.15,1.06,0.8763,0.0361,0.0458,14507,524,24,568.73,886.15,1.56,9,0.2057
2025-07-07,23:00-00:00,陈如敏,,E场,1508.43,3019.9,2.0,481.42,209.4,2810.5,1.86,2,21,26,28,107.85,13629,3923,351,629,37,12,4.3,53.87,8.6,4801.11,73,3923,351,0.0895,323,0.9202,96,0.2972,26,0.2708,284.78,1137.9,4.0,0.1888,0.0567,0.0205,8600,488,10,1230.77,2080.0,1.69,0.8159,0.0339,0.0669,8388,284,19,337.65,683.0,2.02,7,0.2238
2025-07-08,00:00-01:00,陈如敏,,E场,1084.0,2220.0,2.05,470.82,0.0,2220.0,2.05,1,14,18,18,123.33,10310,3431,302,477,37,12,3.59,60.22,7.35,4654.09,74,3431,302,0.088,276,0.9139,74,0.2681,18,0.2432,303.95,834.0,2.74,0.2804,0.0613,0.0124,6570,403,5,793.12,1287.0,1.62,0.7317,0.0306,0.0695,6111,187,13,85.73,99.0,1.15,1,0.0791
2025-07-08,07:00-08:00,马冰,,A场,1694.91,4178.0,2.47,748.56,99.0,4079.0,2.41,6,22,28,30,139.27,13468,9282,520,618,19,8,3.26,56.5,8.03,6760.52,45,9282,520,0.056,219,0.4212,116,0.5297,29,0.25,272.46,306.0,1.12,0.3968,0.0589,0.0193,16765,987,19,2285.79,3548.0,1.55,1.3486,0.0305,0.0668,15210,464,31,706.78,1130.0,1.6,10,0.417
2025-07-08,08:00-09:00,马冰,,A场,2735.28,3463.6,1.27,983.6,235.4,3228.2,1.18,2,28,34,37,93.61,18551,11648,619,808,22,9,4.42,73.93,5.6,4286.63,47,11648,619,0.0531,272,0.4394,145,0.5331,34,0.2345,514.99,882.9,1.71,0.1883,0.058,0.0104,11618,674,7,2242.48,3076.7,1.37,0.8198,0.0284,0.0745,13234,376,28,706.73,881.7,1.25,10,0.2584
2025-07-08,09:00-10:00,马冰,,A场,2287.74,4975.65,2.17,898.14,118.4,4857.25,2.12,6,29,42,41,121.36,16468,8887,548,753,23,10,4.17,55.8,9.08,6607.77,50,8887,548,0.0617,241,0.4398,140,0.5809,41,0.2929,491.52,1973.0,4.01,0.2148,0.0577,0.0232,10442,603,14,1911.85,3364.0,1.76,0.8357,0.0313,0.0778,11509,360,28,337.23,693.0,2.05,7,0.1474
2025-07-08,10:00-11:00,马冰,,A场,2438.13,4718.0,1.94,833.63,568.0,4150.0,1.7,6,34,39,43,109.72,15797,8027,484,673,23,10,5.04,56.7,9.75,7010.4,53,8027,484,0.0603,342,0.7066,165,0.4825,40,0.2424,350.75,1397.0,3.98,0.1439,0.0623,0.021,8399,523,11,2106.36,3655.0,1.74,0.8639,0.0308,0.0763,12344,380,29,610.81,1286.0,2.11,11,0.2505
2025-07-08,11:00-12:00,邝玮琪,,B场,1884.44,2753.0,1.46,548.95,61.0,2692.0,1.43,3,20,23,24,114.71,15504,7317,456,705,23,10,4.13,78.52,6.04,3904.96,55,7317,456,0.0623,433,0.9496,134,0.3095,23,0.1716,376.6,1071.0,2.84,0.1998,0.0626,0.0124,9028,565,7,1596.45,1979.0,1.24,0.8472,0.0314,0.0545,10501,330,18,541.29,892.0,1.65,7,0.2872
2025-07-08,12:00-13:00,邝玮琪,,B场,1850.57,3217.0,1.74,847.11,397.0,2820.0,1.52,1,24,29,29,110.93,14521,6627,442,678,23,10,4.19,63.81,7.28,4744.84,55,6627,442,0.0667,428,0.9683,132,0.3084,28,0.2121,274.51,772.0,2.81,0.1483,0.0648,0.0149,8304,538,8,1617.95,2462.0,1.52,0.8743,0.0337,0.0557,10638,359,20,756.78,495.0,0.65,5,0.4089
2025-07-08,13:00-14:00,邝玮琪,,B场,2140.88,5056.9,2.36,855.8,726.0,4330.9,2.02,5,26,36,39,129.66,15062,5827,468,774,23,10,4.57,54.89,10.81,6533.46,57,5827,468,0.0803,441,0.9423,160,0.3628,36,0.225,418.6,1288.9,3.08,0.1955,0.0687,0.0176,9089,624,11,1767.64,3867.0,2.19,0.8257,0.0346,0.0707,11050,382,27,440.94,1189.0,2.7,10,0.206
2025-07-08,14:00-15:00,邝玮琪,,B场,3827.09,10243.0,2.68,2395.33,1271.3,8971.7,2.34,6,79,88,97,105.6,23890,10955,726,1105,32,11,5.27,39.45,14.11,9269.68,59,10955,726,0.0663,680,0.9366,293,0.4309,88,0.3003,155.64,269.4,1.73,0.1452,0.0684,0.0332,11440,783,26,3420.03,7982.0,2.33,0.8936,0.0323,0.1033,19769,639,66,558.78,1502.0,2.69,11,0.146
2025-07-08,15:00-16:00,龚传豪,,C场,4191.47,7688.7,1.83,1716.04,887.4,6801.3,1.62,7,46,61,67,114.76,29896,14022,756,1201,35,12,5.54,62.56,10.17,6401.92,62,14022,756,0.0539,705,0.9325,280,0.3972,62,0.2214,607.68,2271.0,3.74,0.145,0.0675,0.0174,12798,864,15,3661.21,5714.7,1.56,0.8735,0.0275,0.0753,24154,664,50,876.01,1229.0,1.4,11,0.209
2025-07-08,16:00-17:00,龚传豪,,C场,3034.35,4481.5,1.48,1459.28,158.4,4323.1,1.42,1,41,47,48,93.36,21569,8460,510,901,35,13,5.95,63.22,8.79,4973.92,64,8460,510,0.0603,501,0.9824,156,0.3114,46,0.2949,313.13,495.0,1.58,0.146,0.0676,0.0094,10992,641,6,2670.63,4246.9,1.59,0.8801,0.0262,0.0947,16536,433,41,779.58,1780.0,2.28,18,0.2569
2025-07-08,17:00-18:00,龚传豪,,C场,2421.6,5038.0,2.08,1053.7,528.35,4509.65,1.86,5,35,38,41,122.88,19687,8221,479,824,42,14,5.06,59.06,10.52,6114.08,66,8221,479,0.0583,437,0.9123,156,0.357,38,0.2436,329.66,1484.0,4.5,0.147,0.0677,0.0095,9594,636,6,2121.09,3851.0,1.82,0.8759,0.0238,0.0767,15317,365,28,785.53,1397.0,1.78,12,0.3244
2025-07-08,18:00-19:00,龙海梅,,D场,1041.92,1608.9,1.54,271.2,99.0,1509.9,1.45,2,8,10,12,134.08,7401,5234,277,319,20,9,3.76,86.83,5.81,5043.57,38,5234,277,0.0529,111,0.4007,43,0.3874,10,0.2326,1225.1,2666.9,2.18,0.148,0.0678,0.0096,9594,636,6,2121.09,3851.0,1.82,25.1393,0.0294,0.0762,167318,4919,375,67.87,198.0,1.76,2,6.9622
2025-07-08,19:00-20:00,龙海梅,,D场,2882.04,4218.9,1.46,846.3,198.0,4020.9,1.4,3,30,36,38,111.02,24558,15690,808,1115,29,14,3.57,75.84,5.22,3783.77,43,15690,808,0.0515,747,0.9245,193,0.2584,36,0.1865,463.17,847.9,1.83,0.1607,0.0665,0.0075,14070,936,7,2426.62,3371.0,1.39,0.842,0.0293,0.0556,18426,540,30,853.44,594.0,0.7,6,0.2961
2025-07-08,20:00-21:00,龙海梅,,D场,1817.67,3902.0,2.15,822.85,255.4,3646.6,2.01,4,24,30,31,125.87,17411,8452,517,780,29,13,3.52,58.63,7.55,5002.56,47,8452,517,0.0612,481,0.9304,147,0.3056,30,0.2041,303.55,590.0,1.94,0.167,0.0624,0.0098,9795,611,6,1614.54,3490.0,2.16,0.8882,0.0262,0.0798,12454,326,26,378.44,1467.0,3.88,11,0.2082
2025-07-08,21:00-22:00,龙海梅,,D场,735.38,1184.0,1.61,147.3,99.0,1085.0,1.48,1,10,11,12,98.67,9589,3687,318,479,29,11,2.31,61.28,3.72,2471.82,47,3687,318,0.0862,279,0.8774,76,0.2724,11,0.1447,170.25,788.0,4.63,0.2315,0.0637,0.0142,6630,422,6,578.88,691.0,1.19,0.7872,0.0306,0.0405,5661,173,7,26.83,99.0,3.69,1,0.0365
2025-07-08,22:00-23:00,柯燕慧,,E场,790.94,1849.9,2.34,345.23,262.0,1587.9,2.01,0,18,20,20,92.5,9482,3553,363,524,29,10,2.18,39.55,5.1,3530.34,50,3553,363,0.1022,321,0.8843,91,0.2835,20,0.2198,124.58,572.0,4.59,0.1575,0.0616,0.014,6963,429,6,704.52,1376.9,1.95,0.8907,0.0355,0.07,5641,200,14,139.07,297.0,2.14,3,0.1758
2025-07-08,23:00-00:00,柯燕慧,,E场,1444.93,3036.8,2.1,505.65,650.4,2386.4,1.65,4,19,31,33,92.02,11859,5386,414,635,29,11,3.49,43.79,7.34,4782.36,55,5386,414,0.0769,374,0.9034,119,0.3182,31,0.2605,237.46,980.9,4.13,0.1643,0.072,0.0198,7017,505,10,1235.91,2649.9,2.14,0.8553,0.0288,0.0882,8254,238,21,34.86,99.0,2.84,1,0.0241
2025-07-09,00:00-01:00,柯燕慧,,E场,1618.47,3467.9,2.14,823.27,0.0,3467.9,2.14,2,28,31,31,111.87,12696,6248,447,646,35,12,3.62,52.21,7.76,5368.27,63,6248,447,0.0715,392,0.877,126,0.3214,31,0.246,264.35,1001.0,3.79,0.1633,0.0709,0.0158,7152,507,8,1366.12,2466.9,1.81,0.8441,0.0332,0.0799,8677,288,23,572.08,1178.9,2.06,12,0.3535
2025-07-09,07:00-08:00,马冰,,A场,2190.73,3834.0,1.75,763.03,0.0,3834.0,1.75,5,19,27,29,132.21,15339,11034,622,737,17,8,3.52,75.54,6.16,5202.17,37,11034,622,0.0564,269,0.4325,152,0.5651,27,0.1776,574.84,2364.0,4.11,0.2624,0.0677,0.0122,17014,1151,14,3488.32,5234.9,1.5,1.5923,0.0316,0.075,20278,640,48,1466.64,1970.9,1.34,20,0.6695
2025-07-09,08:00-09:00,马冰,,A场,3041.51,6255.75,2.06,1233.5,550.2,5705.55,1.88,6,40,50,55,113.74,20153,12374,690,916,26,11,4.41,55.3,9.07,6829.42,47,12374,690,0.0558,353,0.5116,201,0.5694,50,0.2488,537.65,1953.35,3.63,0.1768,0.0606,0.0226,11687,708,16,2592.4,4599.4,1.77,0.8523,0.0325,0.0843,13138,427,36,316.01,455.4,1.44,5,0.1039
2025-07-09,09:00-10:00,马冰,,A场,2619.69,4681.45,1.79,808.47,668.12,4013.33,1.53,5,26,36,39,120.04,18961,10258,666,910,26,12,3.93,67.17,7.03,5144.45,52,10258,666,0.0649,329,0.494,186,0.5653,36,0.1935,768.76,1960.0,2.55,0.2935,0.0596,0.0209,12815,764,16,1905.14,2943.45,1.55,0.7272,0.0317,0.0635,11931,378,24,137.52,694.0,5.05,5,0.0525
2025-07-09,10:00-11:00,马冰,,A场,2354.86,5111.0,2.17,970.43,1343.0,3768.0,1.6,10,26,36,42,121.69,16433,7790,563,835,32,13,4.18,56.07,9.08,6120.96,56,7790,563,0.0723,284,0.5044,168,0.5915,36,0.2143,534.54,2237.0,4.18,0.227,0.0636,0.0171,11039,702,12,1896.46,3852.0,2.03,0.8053,0.0331,0.0762,10297,341,26,307.65,792.0,2.57,8,0.1306
2025-07-09,11:00-12:00,邝玮琪,,B场,3607.34,5730.6,1.59,1277.93,378.4,5352.2,1.48,4,42,54,57,100.54,26390,12712,831,1185,32,14,4.34,63.29,6.9,4835.95,57,12712,831,0.0654,352,0.4236,238,0.6761,54,0.2269,848.72,2293.0,2.7,0.2353,0.0609,0.0213,16147,984,21,2904.73,3942.6,1.36,0.8052,0.0323,0.0614,17152,554,34,501.8,967.0,1.93,8,0.1391
2025-07-09,12:00-13:00,邝玮琪,,B场,3266.2,7682.56,2.35,1461.35,903.9,6778.66,2.08,9,39,52,59,130.21,26449,12395,869,1299,32,15,3.76,55.36,8.84,5914.21,58,12395,869,0.0701,630,0.725,232,0.3683,52,0.2241,828.38,4221.56,5.1,0.2536,0.0632,0.0222,17121,1082,24,2519.8,3657.0,1.45,0.7715,0.0302,0.06,19331,583,35,650.12,1109.0,1.71,11,0.199
2025-07-09,13:00-14:00,邝玮琪,,B场,2469.91,4770.9,1.93,927.39,668.0,4102.9,1.66,7,23,33,36,132.52,19888,7774,708,1090,32,16,3.49,68.61,6.74,4376.97,57,7774,708,0.0911,684,0.9661,225,0.3289,33,0.1467,693.21,2199.9,3.17,0.2807,0.0656,0.0143,13850,909,13,1824.3,2571.0,1.41,0.7386,0.0365,0.0455,13236,483,22,219.6,297.0,1.35,3,0.0889
2025-07-09,14:00-15:00,邝玮琪,,B场,2793.57,4823.0,1.73,1248.47,1086.2,3736.8,1.34,6,30,41,45,107.18,18678,6440,622,1048,32,16,4.49,62.08,7.75,4602.1,59,6440,622,0.0966,592,0.9518,201,0.3395,41,0.204,623.98,2067.0,3.31,0.2234,0.0692,0.0219,12545,868,19,2208.65,3389.0,1.53,0.7906,0.0376,0.0474,14003,527,25,272.62,404.0,1.48,4,0.0976
2025-07-09,15:00-16:00,彭璜,,C场,1704.36,3812.8,2.24,797.04,344.59,3468.21,2.03,4,21,27,32,119.15,14551,4439,431,777,32,16,3.95,53.26,8.85,4907.08,62,4439,431,0.0971,395,0.9165,148,0.3747,28,0.1892,303.71,1035.0,3.41,0.1782,0.069,0.0146,8913,615,9,1445.24,2876.8,1.99,0.848,0.0363,0.0579,10466,380,22,371.07,1164.9,3.14,10,0.2177
2025-07-09,16:00-17:00,彭璜,,C场,1867.49,3599.7,1.93,776.22,996.0,2603.7,1.39,5,20,31,34,105.87,14943,4758,368,734,32,16,5.07,54.93,9.78,4904.22,65,4758,368,0.0773,342,0.9293,130,0.3801,31,0.2385,356.2,1399.9,3.93,0.1907,0.0632,0.016,8917,564,9,1618.68,2496.8,1.54,0.8668,0.0315,0.0657,10642,335,22,532.34,782.9,1.47,8,0.2851
2025-07-09,17:00-18:00,彭璜,,C场,2172.27,3787.9,1.74,1118.0,382.9,3405.0,1.57,1,31,37,40,94.7,18454,8063,422,714,32,16,5.15,54.31,8.98,5305.18,66,8063,422,0.0523,410,0.9716,158,0.3854,36,0.2278,256.3,474.65,1.85,0.118,0.0599,0.0097,8598,515,5,2057.48,3589.9,1.74,0.9472,0.0273,0.0897,14294,390,35,1181.79,2550.9,2.16,24,0.544
2025-07-09,18:00-19:00,蔡仲琼,,D场,1273.41,2926.9,2.3,840.72,678.4,2248.5,1.77,2,28,31,32,91.47,12568,5350,293,510,32,15,4.35,39.79,9.99,5739.02,68,5350,293,0.0548,278,0.9488,101,0.3633,31,0.3069,177.04,788.0,4.45,0.139,0.0549,0.0167,6554,360,6,1102.33,2336.9,2.12,0.8657,0.0283,0.0976,8695,246,24,734.98,1980.9,2.7,20,0.5772
2025-07-09,19:00-20:00,蔡仲琼,,D场,1460.88,2822.82,1.93,736.27,79.0,2743.82,1.88,1,17,27,27,104.55,13210,5430,276,467,32,15,5.29,54.11,10.23,6044.58,69,5430,276,0.0508,270,0.9783,101,0.3741,27,0.2673,140.72,1040.82,7.4,0.0963,0.0489,0.029,6338,310,9,1361.48,1782.0,1.31,0.932,0.0277,0.0684,9502,263,18,808.1,1386.0,1.72,14,0.5532
2025-07-09,20:00-21:00,蔡仲琼,,D场,2299.6,5434.0,2.36,1270.65,552.4,4881.6,2.12,3,43,51,51,106.55,22022,11578,479,736,32,15,4.8,45.09,11.34,7383.15,70,11578,479,0.0414,468,0.977,218,0.4658,51,0.2339,247.97,1781.0,7.18,0.1078,0.0598,0.0322,8312,497,16,2093.54,3762.0,1.8,0.9104,0.025,0.0783,17337,434,34,1386.01,2080.0,1.5,19,0.6027
2025-07-09,21:00-22:00,蔡仲琼,,D场,3205.87,5104.9,1.59,1230.61,739.1,4365.8,1.36,4,41,44,49,104.18,23895,8594,622,1014,32,15,5.15,65.43,8.21,5034.42,69,8594,622,0.0724,585,0.9405,199,0.3402,44,0.2211,675.6,2276.9,3.37,0.2107,0.0581,0.0275,13126,763,21,2577.27,3225.0,1.25,0.8039,0.0281,0.0551,17463,490,27,678.59,693.0,1.02,7,0.2117
2025-07-09,22:00-23:00,陈如敏,,E场,2232.05,4158.9,1.86,1030.65,354.4,3804.5,1.7,2,34,38,40,103.97,18232,4779,508,880,32,15,4.39,55.8,8.19,4726.02,69,4779,508,0.1063,483,0.9508,159,0.3292,38,0.239,461.52,1474.9,3.2,0.2068,0.0601,0.0188,11532,693,13,1882.26,2781.0,1.48,0.8433,0.0336,0.0634,12195,410,26,369.92,396.0,1.07,4,0.1657
2025-07-09,23:00-00:00,陈如敏,,E场,2050.68,5752.05,2.8,1135.35,826.8,4925.25,2.4,4,39,48,52,110.62,16891,4942,481,862,32,15,4.26,39.44,11.96,6672.91,69,4942,481,0.0973,472,0.9813,144,0.3051,48,0.3333,372.29,2178.15,5.85,0.1815,0.0631,0.0271,9956,628,17,1705.32,4068.9,2.39,0.8316,0.0327,0.0945,11638,381,36,122.94,198.0,1.61,2,0.06
2025-07-10,00:00-01:00,陈如敏,,E场,1214.72,2090.0,1.72,549.09,307.0,1783.0,1.47,1,21,23,25,83.6,10252,2977,295,624,32,14,4.12,48.59,7.08,3349.36,69,2977,295,0.0991,281,0.9525,93,0.331,24,0.2581,299.49,892.0,2.98,0.2466,0.0701,0.0162,6144,431,7,921.16,1198.0,1.3,0.7583,0.0291,0.0574,7173,209,12,203.89,307.0,1.51,3,0.1678
2025-07-10,07:00-08:00,马冰,,A场,757.39,1696.0,2.24,162.0,0.0,1696.0,2.24,3,7,11,11,154.18,5951,4162,271,306,24,9,2.79,68.85,6.26,5542.48,48,4162,271,0.0651,115,0.4244,58,0.5043,11,0.1897,462.24,1288.0,2.79,0.6103,0.0671,0.0134,12272,823,11,1671.94,3093.0,1.85,2.2075,0.0321,0.0602,11886,382,23,356.84,604.0,1.69,6,0.4711
2025-07-10,08:00-09:00,马冰,,A场,2026.2,3931.0,1.94,998.49,0.0,3931.0,1.94,4,23,34,35,112.31,15074,9178,639,815,24,11,3.17,57.89,6.15,4823.31,53,9178,639,0.0696,261,0.4085,146,0.5594,34,0.2329,423.89,792.0,1.87,0.2092,0.0636,0.0115,10926,695,8,1647.6,3437.0,2.09,0.8131,0.0364,0.0746,9953,362,27,324.38,1284.0,3.96,9,0.1601
2025-07-10,09:00-10:00,马冰,,A场,1588.93,1894.7,1.19,444.7,114.0,1780.7,1.12,0,12,18,18,105.26,11872,6194,416,577,24,10,3.82,88.27,4.55,3283.71,55,6194,416,0.0672,201,0.4832,125,0.6219,18,0.144,328.35,566.7,1.73,0.2066,0.0561,0.0126,8481,476,6,1274.88,1328.0,1.04,0.8024,0.0324,0.0498,7429,241,12,335.6,437.0,1.3,3,0.2112
2025-07-10,10:00-11:00,马冰,,A场,1550.82,3313.8,2.14,516.99,0.0,3313.8,2.14,6,17,23,23,144.08,10535,4985,368,532,24,9,4.21,67.43,9.0,6228.95,55,4985,368,0.0738,229,0.6223,96,0.4192,23,0.2396,252.78,992.8,3.93,0.163,0.0662,0.0195,6191,410,8,1354.17,2321.0,1.71,0.8732,0.0343,0.0627,7434,255,16,662.61,991.0,1.5,8,0.4273
2025-07-10,11:00-12:00,蔡仲琼,,B场,1734.15,3730.0,2.15,595.88,456.4,3273.6,1.89,3,28,33,35,106.57,12521,5922,396,610,24,9,4.38,49.55,9.42,6114.75,57,5922,396,0.0669,408,1.0303,127,0.3113,33,0.2598,342.99,2245.0,6.55,0.1978,0.0626,0.0341,7976,499,17,1464.36,1882.0,1.29,0.8444,0.0288,0.0708,8342,240,17,719.13,891.0,1.24,9,0.4147
2025-07-10,12:00-13:00,蔡仲琼,,B场,2732.33,4571.9,1.67,1100.5,105.7,4466.2,1.63,3,30,37,40,114.3,19245,9635,549,813,30,10,4.98,68.31,8.33,5623.49,60,9635,549,0.057,516,0.9399,182,0.3527,37,0.2033,549.47,1824.9,3.32,0.2011,0.0543,0.023,12017,652,15,2228.84,2747.0,1.23,0.8157,0.0298,0.0579,13312,397,23,1081.05,1855.0,1.72,17,0.3957
2025-07-10,13:00-14:00,蔡仲琼,,B场,2147.29,4461.0,2.08,710.08,0.0,4461.0,2.08,7,22,35,37,120.57,15209,6686,518,772,30,11,4.15,58.03,8.61,5778.5,64,6686,518,0.0775,479,0.9247,159,0.3319,36,0.2264,544.33,2177.0,4.0,0.2535,0.0615,0.0216,10512,647,14,1672.01,2932.0,1.75,0.7787,0.0334,0.058,10829,362,21,426.75,397.0,0.93,2,0.1987
2025-07-10,14:00-15:00,蔡仲琼,,B场,2670.78,4516.0,1.69,1080.09,219.12,4296.88,1.61,2,29,42,42,107.52,18262,8607,543,791,30,12,4.92,63.59,8.32,5709.23,66,8607,543,0.0631,512,0.9429,194,0.3789,41,0.2113,555.95,1932.0,3.48,0.2082,0.0582,0.0229,10520,612,14,2189.56,2819.0,1.29,0.8198,0.0302,0.0689,13928,421,29,435.59,495.0,1.14,5,0.1631
2025-07-10,15:00-16:00,彭璜,,C场,2111.16,3497.0,1.66,666.07,455.0,3042.0,1.44,2,24,30,32,109.28,16025,6383,470,748,30,12,4.49,65.97,7.44,4675.13,69,6383,470,0.0736,437,0.9298,151,0.3455,30,0.1987,360.69,1154.0,3.2,0.1708,0.066,0.0172,8790,580,10,1808.8,2343.0,1.3,0.8568,0.0329,0.0564,11869,390,22,616.51,604.0,0.98,6,0.292
2025-07-10,16:00-17:00,彭璜,,C场,2058.96,3548.8,1.72,758.6,417.0,3131.8,1.52,4,22,33,34,104.38,15901,5694,425,718,30,12,4.84,8.35,8.35,4942.62,72,5694,425,0.0746,390,0.9176,142,0.3641,33,0.2324,331.17,1482.9,4.48,0.1608,0.0601,0.0196,9314,560,11,1790.15,2561.9,1.43,0.8694,0.0332,0.0563,11774,391,22,606.86,1174.9,1.94,10,0.2947
2025-07-10,17:00-18:00,彭璜,,C场,1971.1,2564.0,1.3,814.61,0.0,2564.0,1.3,0,23,27,27,94.96,14991,5599,334,596,30,12,5.9,7.68,7.68,4302.01,73,5599,334,0.0597,323,0.9671,116,0.3591,27,0.2328,190.65,396.0,2.08,0.0967,0.0534,0.01,7490,400,4,1754.13,2267.0,1.29,0.8899,0.0279,0.0737,11198,312,23,1197.43,1772.0,1.48,18,0.6075
2025-07-10,18:00-19:00,龙海梅,,D场,1929.44,3365.0,1.74,750.97,589.0,2776.0,1.44,3,23,28,29,116.03,14514,5384,347,561,30,12,5.56,9.7,9.7,5998.22,73,5384,347,0.0645,333,0.9597,125,0.3754,28,0.224,196.26,1486.0,7.57,0.1017,0.0531,0.0265,7105,377,10,1847.19,1879.0,1.02,0.9574,0.0309,0.0576,10691,330,19,1355.52,1485.0,1.1,15,0.7025
2025-07-10,19:00-20:00,龙海梅,,D场,1443.86,2571.0,1.78,673.93,97.0,2474.0,1.71,2,22,25,26,98.88,12518,4128,298,478,30,12,4.85,8.63,8.63,5378.66,74,4128,298,0.0722,290,0.9732,107,0.369,25,0.2336,236.46,1482.0,6.27,0.1638,0.0479,0.0291,7183,344,10,1225.44,1485.0,1.21,0.8487,0.0262,0.0679,8441,221,15,645.82,495.0,0.77,5,0.4473
2025-07-10,20:00-21:00,龙海梅,,D场,1949.05,4554.66,2.34,1058.01,319.0,4235.66,2.17,4,29,40,40,113.87,14282,4685,389,640,30,12,5.01,11.71,11.71,7116.66,74,4685,389,0.083,364,0.9357,145,0.3984,40,0.2759,603.55,3079.66,5.1,0.3097,0.0584,0.0398,9470,553,22,1430.52,1867.0,1.31,0.734,0.0323,0.0679,8198,265,18,223.24,297.0,1.33,3,0.1145
2025-07-10,21:00-22:00,龙海梅,,D场,2858.36,4053.66,1.42,1252.84,322.0,3731.66,1.31,2,36,45,48,84.45,18953,6251,485,713,33,12,5.89,8.36,8.36,5685.36,75,6251,485,0.0776,439,0.9052,176,0.4009,48,0.2727,873.14,1763.8,2.02,0.3055,0.0515,0.0272,12857,662,18,2027.18,3060.96,1.51,0.7092,0.0306,0.0848,10781,330,28,165.88,396.0,2.39,4,0.058
2025-07-10,22:00-23:00,柯燕慧,,E场,4378.05,7713.2,1.76,1786.21,647.4,7065.8,1.61,6,56,76,79,97.64,27262,9269,771,1300,33,12,5.68,10.0,10.0,5933.23,74,9269,771,0.0832,700,0.9079,273,0.39,73,0.2674,719.19,3202.9,4.45,0.1643,0.0618,0.027,14973,925,25,3876.84,5453.9,1.41,0.8855,0.0335,0.0777,19592,656,51,407.37,545.3,1.34,6,0.093
2025-07-10,23:00-00:00,柯燕慧,,E场,2279.76,3424.57,1.5,693.45,343.0,3081.57,1.35,5,26,32,32,107.02,18205,5940,517,985,33,12,4.41,6.62,6.62,3476.72,74,5940,517,0.087,499,0.9652,172,0.3447,32,0.186,304.2,793.0,2.61,0.1334,0.0706,0.009,9413,665,6,2052.36,3221.57,1.57,0.9003,0.0341,0.0587,12492,426,25,358.37,455.4,1.27,5,0.1572
2025-07-11,00:00-01:00,柯燕慧,,E场,1168.67,2347.9,2.01,590.31,158.4,2189.5,1.87,1,16,22,22,106.72,9341,3121,303,461,33,12,3.86,7.75,7.75,5093.06,74,3121,303,0.0971,266,0.8779,84,0.3158,22,0.2619,248.57,694.0,2.79,0.2127,0.0666,0.013,5792,386,5,920.1,1653.9,1.8,0.7873,0.0318,0.0846,6323,201,17,177.94,198.0,1.11,2,0.1523
2025-07-11,07:00-08:00,马冰,,A场,2363.48,3265.7,1.38,664.74,99.0,3166.7,1.34,3,17,27,28,116.63,16119,11467,740,884,26,12,3.19,4.41,4.41,3694.23,44,11467,740,0.0645,322,0.4351,158,0.4907,27,0.1709,695.83,1929.83,2.77,0.2944,0.0678,0.0122,17000,1152,14,3102.24,4169.77,1.34,1.3126,0.0344,0.0627,18095,622,39,1336.56,1821.87,1.36,17,0.5655
2025-07-11,08:00-09:00,马冰,,A场,1768.86,3652.9,2.07,1026.11,118.8,3534.1,2.0,3,20,28,31,117.84,12657,7175,471,638,26,10,3.76,7.76,7.76,5725.55,49,7175,471,0.0656,238,0.5053,145,0.6092,28,0.1931,271.6,681.9,2.51,0.1535,0.0605,0.0136,8500,514,7,1545.14,2971.0,1.92,0.8735,0.0383,0.0769,8154,312,24,957.89,2278.0,2.38,17,0.5415
2025-07-11,09:00-10:00,马冰,,A场,2532.28,6371.8,2.52,1250.39,320.4,6051.4,2.39,8,37,51,51,124.94,15966,8277,569,819,26,11,4.45,11.2,11.2,7779.98,55,8277,569,0.0687,281,0.4938,176,0.6263,51,0.2898,574.59,3000.8,5.22,0.2269,0.0634,0.034,10659,676,23,2035.81,3866.0,1.9,0.8039,0.0352,0.0858,9593,338,29,216.05,594.0,2.75,6,0.0853
2025-07-11,10:00-11:00,马冰,,A场,3975.05,6717.9,1.69,1636.67,550.4,6167.5,1.55,5,48,57,59,113.86,22130,11929,775,1102,36,14,5.13,8.67,8.67,6096.1,60,11929,775,0.065,389,0.5019,228,0.5861,58,0.2544,776.93,2586.0,3.33,0.1955,0.0661,0.0265,12541,829,22,3323.32,4131.9,1.24,0.836,0.0309,0.0719,16220,501,36,575.83,891.0,1.55,9,0.1449
2025-07-11,11:00-12:00,邝玮琪,,B场,2054.7,4986.87,2.43,1075.48,298.99,4687.88,2.28,3,37,41,46,108.41,14547,6824,481,732,36,14,4.27,10.37,10.37,6812.66,66,6824,481,0.0705,262,0.5447,151,0.5763,41,0.2715,441.47,2772.87,6.28,0.2149,0.0647,0.0416,8544,553,23,1658.64,2313.0,1.39,0.8072,0.0338,0.0677,9616,325,22,449.21,693.0,1.54,7,0.2186
2025-07-11,12:00-13:00,邝玮琪,,B场,2754.95,4901.3,1.78,922.61,158.4,4742.9,1.72,5,31,41,44,111.39,18812,8736,624,900,36,14,4.41,7.85,7.85,5445.89,66,8736,624,0.0714,289,0.4631,169,0.5848,40,0.2367,677.2,1918.3,2.83,0.2458,0.0628,0.0223,11438,718,16,2178.24,3464.0,1.59,0.7907,0.0309,0.0732,12821,396,29,226.8,198.0,0.87,2,0.0823
2025-07-11,13:00-14:00,邝玮琪,,B场,2137.99,3900.8,1.82,987.21,411.4,3489.4,1.63,4,24,31,33,118.21,14944,5897,507,816,36,14,4.22,7.69,7.69,4780.39,67,5897,507,0.086,241,0.4753,140,0.5809,31,0.2214,547.42,982.0,1.79,0.256,0.0692,0.009,9640,667,6,1657.34,3007.8,1.81,0.7752,0.0375,0.0722,9977,374,27,65.25,0.0,0.0,0,0.0305
2025-07-11,14:00-15:00,邝玮琪,,B场,1715.47,3066.0,1.79,569.01,397.0,2669.0,1.56,2,21,28,28,109.5,13549,4720,449,704,36,14,3.82,6.83,6.83,4355.11,69,4720,449,0.0951,226,0.5033,128,0.5664,28,0.2188,375.87,693.0,1.84,0.2191,0.0655,0.012,8897,583,7,1367.1,2472.0,1.81,0.7969,0.0351,0.0638,9384,329,21,252.43,99.0,0.39,1,0.1471
2025-07-11,15:00-16:00,朱晓滢,,C场,1428.61,3015.9,2.11,534.62,176.2,2839.7,1.99,4,17,23,26,116.0,12173,3710,347,596,36,14,4.12,8.69,8.69,5060.23,73,3710,347,0.0935,167,0.4813,107,0.6407,23,0.215,311.02,1055.0,3.39,0.2177,0.0629,0.0189,7564,476,9,1159.18,1960.9,1.69,0.8114,0.0342,0.0582,8051,275,16,196.97,99.0,0.5,1,0.1379
2025-07-11,16:00-17:00,朱晓滢,,C场,1973.2,3556.9,1.8,632.38,451.4,3105.5,1.57,3,25,31,33,107.78,15155,5135,410,690,36,14,4.81,8.68,8.68,5154.93,75,5135,410,0.0798,196,0.478,116,0.5918,31,0.2672,364.54,1184.0,3.25,0.1847,0.065,0.0176,8719,567,10,1627.1,2755.2,1.69,0.8246,0.028,0.0744,11018,309,23,297.54,158.4,0.53,2,0.1508
2025-07-11,17:00-18:00,朱晓滢,,C场,2225.07,4313.9,1.94,796.6,942.35,3371.55,1.52,3,32,37,41,105.22,16162,5844,449,768,36,15,4.96,9.61,9.61,5617.06,77,5844,449,0.0768,210,0.4677,129,0.6143,38,0.2946,403.84,1948.0,4.82,0.1815,0.0664,0.0209,9371,622,13,1938.57,2563.9,1.32,0.8712,0.0319,0.0643,11680,373,24,267.33,485.9,1.82,5,0.1201
2025-07-11,18:00-19:00,龙海梅,,D场,2551.16,5169.7,2.03,1206.12,469.7,4700.0,1.84,5,35,43,48,107.7,16160,5703,451,727,36,14,5.66,11.46,11.46,7111.0,77,5703,451,0.0791,294,0.6519,150,0.5102,43,0.2867,375.48,1763.0,4.7,0.1472,0.0575,0.0223,9336,537,12,2236.71,3962.1,1.77,0.8767,0.0339,0.0918,11554,392,36,325.78,396.0,1.22,4,0.1277
2025-07-11,19:00-20:00,龙海梅,,D场,2617.54,4848.0,1.85,1254.0,446.0,4402.0,1.68,4,36,41,43,112.74,17774,6682,464,771,36,14,5.64,10.45,10.45,6287.94,76,6682,464,0.0694,471,1.0151,177,0.3758,40,0.226,284.44,899.0,3.16,0.1087,0.0596,0.017,8887,530,9,2350.89,3978.6,1.69,0.8981,0.0325,0.0719,14122,459,33,462.73,992.0,2.14,6,0.1768
2025-07-11,20:00-21:00,龙海梅,,D场,3093.57,7243.7,2.34,1831.48,1325.9,5917.8,1.91,9,45,57,63,114.98,19680,6906,584,892,36,14,5.3,12.4,12.4,8120.74,75,6906,584,0.0846,576,0.9863,248,0.4306,57,0.2298,342.65,1687.6,4.93,0.1108,0.0657,0.0196,9318,612,12,2815.95,5648.0,2.01,0.9103,0.0357,0.081,15919,568,46,386.79,392.0,1.01,2,0.125
2025-07-11,21:00-22:00,龙海梅,,D场,3047.22,5273.8,1.73,1263.48,322.55,4951.25,1.62,2,37,50,55,95.89,20729,6489,547,939,36,14,5.57,9.64,9.64,5616.4,75,6489,547,0.0843,533,0.9744,205,0.3846,51,0.2488,362.6,1929.8,5.32,0.119,0.0619,0.0216,11246,696,15,2796.14,3839.0,1.37,0.9176,0.033,0.0716,16512,545,39,399.29,495.0,1.24,5,0.131
2025-07-11,22:00-23:00,陈如敏,,E场,2467.15,4232.45,1.72,1240.32,59.4,4173.05,1.69,2,36,39,43,98.43,19387,6108,510,989,36,14,4.84,8.3,8.3,4279.52,74,6108,510,0.0835,509,0.998,170,0.334,40,0.2353,428.22,1579.85,3.69,0.1736,0.0689,0.019,10704,737,14,2050.41,2979.0,1.45,0.8311,0.0309,0.0607,14913,461,28,749.35,1297.0,1.73,13,0.3037
2025-07-11,23:00-00:00,陈如敏,,E场,1603.67,3193.0,1.99,565.92,665.0,2528.0,1.58,2,20,31,29,110.1,13898,3960,398,740,36,14,4.03,8.02,8.02,4314.86,75,3960,398,0.1005,379,0.9523,116,0.3061,29,0.25,237.81,1071.6,4.51,0.1483,0.0662,0.0136,8908,590,8,1412.69,2756.0,1.95,0.8809,0.0353,0.0671,9715,343,23,342.82,833.0,2.43,7,0.2138
2025-07-12,00:00-01:00,陈如敏,,E场,1454.16,3121.5,2.15,477.36,575.0,2546.5,1.75,3,25,25,31,100.69,11534,4036,340,587,36,14,4.28,9.18,9.18,5317.72,75,4036,340,0.0842,337,0.9912,110,0.3264,25,0.2273,244.26,875.1,3.58,0.168,0.0681,0.0158,6486,442,7,1209.9,2187.0,1.81,0.832,0.0373,0.0602,8013,299,18,205.75,198.0,0.96,2,0.1415
2025-07-12,07:00-08:00,马冰,,A场,2081.06,4094.0,1.97,929.07,0.0,4094.0,1.97,4,26,33,34,120.41,14574,10302,678,794,30,14,3.07,6.04,6.04,5156.17,57,10302,678,0.0658,275,0.4056,150,0.5455,34,0.2267,734.49,2804.9,3.82,0.3529,0.0703,0.0169,16809,1181,20,3119.46,4951.0,1.59,1.499,0.0356,0.0629,18790,668,42,715.5,891.0,1.25,9,0.3438
2025-07-12,08:00-09:00,马冰,,A场,5217.47,10972.9,2.1,2614.91,230.6,10742.3,2.06,16,58,82,84,130.63,28105,18346,1073,1337,36,18,4.86,10.23,10.23,8207.11,57,18346,1073,0.0585,547,0.5098,345,0.6307,81,0.2348,668.89,1975.0,2.95,0.1282,0.0642,0.0163,15256,980,16,4633.87,9294.9,2.01,0.8881,0.0379,0.0818,21914,831,68,638.87,1189.0,1.86,10,0.1224
2025-07-12,09:00-10:00,马冰,,A场,4720.15,8001.0,1.7,1579.41,181.8,7819.2,1.66,8,48,66,70,114.3,26373,15402,918,1228,40,18,5.14,8.72,8.72,6515.47,58,15402,918,0.0596,443,0.4826,288,0.6501,66,0.2292,789.0,1973.0,2.5,0.1672,0.0588,0.0147,15006,882,13,4023.95,6721.0,1.67,0.8525,0.0337,0.0827,20077,677,56,515.8,495.0,0.96,5,0.1093
2025-07-12,10:00-11:00,马冰,,A场,3871.49,7033.0,1.82,1371.57,782.57,6250.43,1.61,9,40,53,55,127.87,25043,12900,795,1130,40,17,4.87,8.85,8.85,6223.89,57,12900,795,0.0616,384,0.483,219,0.5703,53,0.242,700.59,2083.0,2.97,0.181,0.0598,0.0152,14296,855,13,3296.13,4950.0,1.5,0.8514,0.0327,0.0681,17944,587,40,89.91,0.0,0.0,0,0.0232
2025-07-12,11:00-12:00,柯燕慧,,B场,3157.64,4924.9,1.56,1295.35,343.51,4581.39,1.45,3,38,44,50,98.5,21349,9367,703,1044,40,16,4.49,7.01,7.01,4717.34,56,9367,703,0.0751,361,0.5135,235,0.651,44,0.1872,659.18,964.9,1.46,0.2088,0.0615,0.0099,13099,805,8,2596.12,4356.0,1.68,0.8222,0.0348,0.0809,13857,482,39,10.26,0.0,0.0,0,0.0032
2025-07-12,12:00-13:00,柯燕慧,,B场,2012.59,3451.9,1.72,837.02,341.05,3110.85,1.55,3,21,31,32,107.87,16823,6226,548,883,40,16,3.67,6.3,6.3,3909.29,56,6226,548,0.088,277,0.5055,181,0.6534,31,0.1713,411.64,2075.0,5.04,0.2045,0.064,0.0207,11292,723,15,1648.32,1671.9,1.01,0.819,0.0369,0.0435,10593,391,17,67.26,99.0,1.47,1,0.0334
2025-07-12,13:00-14:00,柯燕慧,,B场,2071.24,4179.8,2.02,596.05,257.4,3922.4,1.89,4,20,30,33,126.66,15882,5652,537,860,40,15,3.86,7.78,7.78,4860.23,55,5652,537,0.095,264,0.4916,172,0.6515,30,0.1744,371.89,2098.9,5.64,0.1795,0.0699,0.0189,9830,687,13,1776.22,2278.9,1.28,0.8576,0.0401,0.0433,10367,416,18,431.44,505.0,1.17,5,0.2083
2025-07-12,14:00-15:00,柯燕慧,,B场,1620.63,3885.96,2.4,1041.85,57.0,3828.96,2.36,4,26,29,33,117.76,12376,3939,465,764,40,14,3.49,8.36,8.36,5086.34,55,3939,465,0.1181,224,0.4817,144,0.6429,30,0.2083,268.95,576.06,2.14,0.166,0.0797,0.0067,7454,594,4,1416.42,3309.9,2.34,0.874,0.0497,0.0709,7941,395,28,276.72,297.0,1.07,3,0.1707
2025-07-12,15:00-16:00,朱晓滢,,C场,2158.0,3849.9,1.78,765.87,312.4,3537.5,1.64,3,22,28,30,128.33,14491,4877,493,796,40,14,4.38,7.81,7.81,4836.56,55,4877,493,0.1011,244,0.4949,162,0.6639,27,0.1667,324.47,1290.0,3.98,0.1504,0.0729,0.0146,8449,616,9,1917.8,2757.9,1.44,0.8887,0.0399,0.0588,10233,408,24,208.78,396.0,1.9,4,0.0967
2025-07-12,16:00-17:00,朱晓滢,,C场,1711.36,2792.7,1.63,562.91,302.0,2490.7,1.46,2,25,26,29,96.3,12256,3389,371,771,40,13,4.61,7.53,7.53,3622.18,57,3389,371,0.1095,186,0.5013,126,0.6774,27,0.2143,198.69,1014.7,5.11,0.1161,0.0779,0.0169,6816,531,9,1550.63,2085.0,1.34,0.9061,0.0417,0.0541,8408,351,19,412.6,495.0,1.2,5,0.2411
2025-07-12,17:00-18:00,朱晓滢,,C场,1899.29,3490.2,1.84,708.9,90.28,3399.92,1.79,4,21,29,30,116.34,14099,4322,350,643,40,13,5.43,9.97,9.97,5427.99,57,4322,350,0.081,170,0.4857,108,0.6353,28,0.2593,269.04,847.4,3.15,0.1417,0.0593,0.0152,7793,462,7,1672.8,2741.8,1.64,0.8808,0.0328,0.0665,10081,331,22,534.53,505.0,0.94,5,0.2814
2025-07-12,18:00-19:00,彭璜,,D场,1567.87,3067.0,1.96,699.48,59.4,3007.6,1.92,3,18,25,27,113.59,12461,3768,294,547,40,13,5.33,10.43,10.43,5606.95,58,3768,294,0.078,280,0.9524,101,0.3607,25,0.2475,169.89,406.0,2.39,0.1084,0.0589,0.0097,7009,413,4,1441.47,2859.0,1.98,0.9194,0.0309,0.083,8978,277,23,555.45,892.0,1.61,7,0.3543
2025-07-12,19:00-20:00,彭璜,,D场,1616.8,2386.0,1.48,595.7,63.0,2323.0,1.44,2,14,19,20,119.3,13095,3856,305,582,40,12,5.3,7.82,7.82,4099.66,60,3856,305,0.0791,318,1.0426,115,0.3616,19,0.1652,207.19,503.0,2.43,0.1281,0.0606,0.0109,7591,460,5,1424.61,1883.0,1.32,0.8811,0.0342,0.0498,8791,301,15,516.8,396.0,0.77,4,0.3196
2025-07-12,20:00-21:00,彭璜,,D场,1404.95,1980.0,1.41,472.06,79.0,1901.0,1.35,1,18,20,22,90.0,12104,3326,299,538,40,12,4.7,6.62,6.62,3680.3,61,3326,299,0.0899,309,1.0334,96,0.3107,21,0.2188,205.51,495.0,2.41,0.1463,0.0622,0.0112,7181,447,5,1232.35,1584.0,1.29,0.8771,0.0324,0.0593,8323,270,16,487.5,693.0,1.42,7,0.347
2025-07-12,21:00-22:00,陈如敏,,E场,1106.09,2852.0,2.58,530.64,103.2,2748.8,2.49,2,19,22,23,124.0,11221,2291,238,497,40,12,4.65,11.98,11.98,5738.43,62,2291,238,0.1039,250,1.0504,77,0.308,22,0.2857,200.72,1466.0,7.3,0.1815,0.0544,0.0205,8073,439,9,911.54,1684.0,1.85,0.8241,0.0298,0.0824,6112,182,15,322.5,99.0,0.31,1,0.2916
2025-07-12,22:00-23:00,陈如敏,,E场,1867.46,3923.0,2.1,720.91,158.4,3764.6,2.02,3,29,34,35,112.09,15974,4024,455,832,40,12,4.1,8.62,8.62,4715.14,62,4024,455,0.1131,447,0.9824,126,0.2819,33,0.2619,476.66,1471.0,3.09,0.2552,0.0619,0.0188,11168,691,13,1453.49,2650.0,1.82,0.7783,0.0353,0.0687,9495,335,23,287.97,297.0,1.03,3,0.1542
2025-07-12,23:00-00:00,陈如敏,,E场,2310.41,5578.9,2.41,1332.6,77.0,5501.9,2.38,4,39,50,55,101.43,18752,5534,569,946,40,12,4.06,9.8,9.8,5897.36,61,5534,569,0.1028,524,0.9209,169,0.3225,51,0.3018,535.63,2163.0,4.04,0.2318,0.0603,0.0212,12488,753,16,1809.93,3563.9,1.97,0.7834,0.0333,0.0881,11606,386,34,312.5,683.9,2.19,7,0.1353
2025-07-13,00:00-01:00,陈如敏,,E场,1972.73,3660.0,1.86,900.91,84.15,3575.85,1.81,3,25,30,32,114.38,15556,5695,447,764,40,12,4.41,8.19,8.19,4790.58,62,5695,447,0.0785,437,0.9776,142,0.3249,29,0.2042,335.63,987.0,2.94,0.1701,0.0665,0.0127,9456,629,8,1668.66,2673.0,1.6,0.8459,0.0307,0.0673,11139,342,23,197.26,0.0,0.0,0,0.1
2025-07-13,07:00-08:00,马冰,,A场,1770.61,4090.45,2.31,915.82,168.0,3922.45,2.22,4,26,33,35,116.87,13070,8889,640,762,17,10,2.77,6.39,6.39,5368.04,42,8889,640,0.072,249,0.3891,148,0.5944,33,0.223,690.08,2567.45,3.72,0.3897,0.0687,0.0165,19371,1331,22,3274.11,5136.0,1.57,1.8491,0.0346,0.0603,20115,696,42,805.97,792.0,0.98,8,0.4552
2025-07-13,08:00-09:00,马冰,,A场,3335.4,6214.0,1.86,1285.8,295.37,5918.63,1.77,8,36,46,48,129.46,19670,12286,825,1081,28,13,4.04,7.53,7.53,5748.38,46,12286,825,0.0671,371,0.4497,207,0.558,46,0.2222,568.25,1196.0,2.1,0.1704,0.0691,0.0067,13039,901,6,2802.82,4919.0,1.76,0.8403,0.0409,0.0714,13694,560,40,612.96,691.0,1.13,7,0.1838
2025-07-13,09:00-10:00,马冰,,A场,4040.06,7666.8,1.9,1552.01,118.8,7548.0,1.87,10,43,53,58,132.19,25834,14455,950,1301,29,15,4.25,8.07,8.07,5893.01,50,14455,950,0.0657,438,0.4611,274,0.6256,53,0.1934,643.9,2112.8,3.28,0.1594,0.0631,0.0156,16223,1024,16,3433.81,5554.0,1.62,0.8499,0.0375,0.0595,18849,706,42,363.21,691.0,1.9,7,0.0899
2025-07-13,10:00-11:00,邝玮琪,,B场,3813.1,7361.12,1.93,1535.45,698.4,6662.72,1.75,7,55,61,70,105.16,24483,12778,831,1169,29,15,4.59,8.86,8.86,6296.94,52,12778,831,0.065,389,0.4681,247,0.635,62,0.251,637.25,3018.0,4.74,0.1671,0.0593,0.0242,14615,866,21,3344.22,5047.12,1.51,0.877,0.0376,0.0676,18099,680,46,727.79,1572.12,2.16,14,0.1909
2025-07-13,11:00-12:00,邝玮琪,,B场,3118.69,5750.9,1.84,1258.56,0.0,5750.9,1.84,5,39,47,47,122.36,22629,10609,713,1048,29,15,4.37,8.07,8.07,5487.5,53,10609,713,0.0672,349,0.4895,206,0.5903,46,0.2233,561.4,1595.0,2.84,0.18,0.0587,0.0168,14164,831,14,2549.88,4155.9,1.63,0.8176,0.0368,0.0567,15807,582,33,310.38,803.0,2.59,6,0.0995
2025-07-13,13:00-14:00,邝玮琪,,B场,1343.95,3962.8,2.95,463.51,0.0,3962.8,2.95,0,0,0,0,,0,0,0,0,22,9,,,,,44,0,0,0.0,0,0.0,0,0.0,0,0.0,2593.9,8362.25,3.22,1.9301,0.0643,0.0142,67794,4356,62,12119.86,19220.6,1.59,9.0181,0.036,0.062,70388,2532,157,2211.64,2758.9,1.25,28,1.6456
2025-07-13,14:00-15:00,蔡仲琼,,C场,2743.93,4664.9,1.7,879.68,879.0,3785.9,1.38,10,52,68,72,64.79,33796,21113,1305,1679,23,10,2.1,3.57,3.57,2778.38,39,21113,1305,0.0618,1089,0.8345,338,0.3104,68,0.2012,1668.01,6429.9,3.85,0.6079,0.0601,0.0197,42278,2539,50,8241.72,12120.02,1.47,3.0036,0.0358,0.058,50020,1792,104,1627.36,2672.12,1.64,23,0.5931
2025-07-13,15:00-16:00,蔡仲琼,,C场,2626.87,3862.9,1.47,926.58,398.4,3464.5,1.32,3,27,34,34,113.61,19959,10269,789,1098,23,10,3.33,4.9,4.9,3518.12,38,10269,789,0.0768,686,0.8695,200,0.2915,34,0.17,442.18,980.9,2.22,0.1683,0.0684,0.0073,12031,823,6,2212.91,2981.0,1.35,0.8424,0.038,0.0505,14614,555,28,631.77,792.0,1.25,8,0.2405
2025-07-13,16:00-17:00,蔡仲琼,,C场,1208.53,1988.0,1.64,508.78,0.0,1988.0,1.64,1,18,21,21,94.67,12835,5608,402,663,23,9,3.01,4.95,4.95,2998.49,39,5608,402,0.0717,359,0.893,103,0.2869,21,0.2039,210.48,891.0,4.23,0.1742,0.0663,0.0166,8159,541,9,1050.43,1494.0,1.42,0.8692,0.0326,0.0496,8045,262,13,530.7,802.0,1.51,8,0.4391
2025-07-13,17:00-18:00,蔡仲琼,,C场,705.06,1314.0,1.86,229.06,99.0,1215.0,1.72,1,8,10,12,109.5,8530,3317,273,435,23,9,2.58,4.81,4.81,3020.69,40,3317,273,0.0823,246,0.9011,74,0.3008,10,0.1351,141.34,913.0,6.46,0.2005,0.058,0.0141,6125,355,5,585.71,594.0,1.01,0.8307,0.0374,0.0343,4680,175,6,330.99,198.0,0.6,2,0.4694
2025-07-13,18:00-19:00,彭璜,,D场,1023.25,1493.0,1.46,405.33,402.35,1090.65,1.07,0,16,17,17,87.82,9860,3718,310,476,23,9,3.3,4.82,4.82,3136.55,43,3718,310,0.0834,275,0.8871,87,0.3164,17,0.1954,222.76,594.0,2.67,0.2177,0.058,0.015,6877,399,6,804.8,998.0,1.24,0.7865,0.034,0.0505,5831,198,10,242.23,196.0,0.81,2,0.2367
2025-07-13,19:00-20:00,彭璜,,D场,1335.63,3615.9,2.71,718.53,99.0,3516.9,2.63,4,18,27,29,124.69,11200,4123,372,554,23,9,3.59,9.72,9.72,6526.9,47,4123,372,0.0902,340,0.914,102,0.3,27,0.2647,253.54,1623.9,6.4,0.1898,0.0621,0.0275,7603,472,13,1139.34,2091.0,1.84,0.853,0.0343,0.0694,7138,245,17,187.55,407.0,2.17,2,0.1404
2025-07-13,20:00-21:00,彭璜,,D场,1899.17,2881.0,1.52,847.67,99.0,2782.0,1.46,0,29,33,33,87.3,15513,6314,497,738,23,9,3.82,5.8,5.8,3903.79,48,6314,497,0.0787,442,0.8893,124,0.2805,33,0.2661,413.43,1188.0,2.87,0.2177,0.0583,0.0187,10066,587,11,1511.52,2079.0,1.38,0.7959,0.0318,0.0614,10756,342,21,93.67,198.0,2.11,2,0.0493
2025-07-13,21:00-22:00,陈如敏,,E场,2084.47,3833.3,1.84,763.9,156.9,3676.4,1.76,2,29,39,41,93.5,16465,5995,570,879,26,10,3.66,6.73,6.73,4360.98,49,5995,570,0.0951,496,0.8702,166,0.3347,39,0.2349,496.95,1831.7,3.69,0.2384,0.0666,0.0264,11370,757,20,1620.52,2477.0,1.53,0.7774,0.0365,0.0521,11053,403,21,79.89,297.0,3.72,3,0.0383
2025-07-13,22:00-23:00,陈如敏,,E场,1314.3,3552.9,2.7,490.62,0.0,3552.9,2.7,5,17,26,28,126.89,13050,3995,441,817,28,10,2.98,8.06,8.06,4348.71,53,3995,441,0.1104,403,0.9138,145,0.3598,26,0.1793,307.13,1960.8,6.38,0.2337,0.0681,0.019,9267,631,12,1042.81,1776.45,1.7,0.7934,0.0435,0.0485,7583,330,16,76.52,198.0,2.59,2,0.0582
2025-07-13,23:00-00:00,陈如敏,,E场,980.26,1614.0,1.65,366.71,99.0,1515.0,1.55,1,17,18,20,80.7,10286,3329,350,571,28,10,2.8,4.61,4.61,2826.62,52,3329,350,0.1051,286,0.8171,74,0.2587,18,0.2432,254.24,604.0,2.38,0.2594,0.0637,0.0127,7422,473,6,744.55,1506.0,2.02,0.7595,0.0346,0.0677,5542,192,13,92.75,307.0,3.31,3,0.0946
2025-07-14,00:00-01:00,陈如敏,,E场,1097.46,2114.9,1.93,464.4,158.4,1956.5,1.78,1,16,18,20,105.75,10342,4111,326,512,28,10,3.37,6.49,6.49,4130.66,53,4111,326,0.0793,297,0.911,96,0.3232,19,0.1979,169.89,936.9,5.51,0.1548,0.0644,0.0197,6321,407,8,927.85,1178.0,1.27,0.8455,0.0332,0.0543,6662,221,12,496.42,297.0,0.6,3,0.4523
2025-07-14,07:00-08:00,马冰,,,913.41,1199.0,1.31,279.64,0.0,1199.0,1.31,1,8,10,11,109.0,7761,5649,346,393,20,10,2.64,3.47,3.47,3050.89,51,5649,346,0.0612,120,0.3468,58,0.4833,11,0.1897,524.32,1431.9,2.73,0.574,0.0581,0.0153,14620,850,13,1663.32,2278.0,1.37,1.821,0.0303,0.0574,12068,366,21,635.9,495.0,0.78,5,0.6962
2025-07-14,08:00-09:00,马冰,,,2298.12,4436.9,1.93,999.18,432.12,4004.78,1.74,7,24,37,36,123.25,17893,11599,734,903,26,12,3.13,6.04,6.04,4913.51,49,11599,734,0.0633,476,0.6485,155,0.3256,36,0.2323,520.0,1295.0,2.49,0.2263,0.0569,0.0088,14040,799,7,1802.7,3538.9,1.96,0.7844,0.0303,0.0735,12572,381,28,154.94,198.0,1.28,2,0.0674
2025-07-14,09:00-10:00,马冰,,,2469.38,3926.0,1.59,1090.94,69.3,3856.7,1.56,1,32,38,38,103.32,17762,9347,625,844,31,13,3.95,6.28,6.28,4651.66,59,9347,625,0.0669,594,0.9504,178,0.2997,38,0.2135,450.49,1287.0,2.86,0.1824,0.0596,0.0191,11389,679,13,2073.5,2639.0,1.27,0.8397,0.0336,0.0581,12803,430,25,192.54,392.0,2.04,2,0.078
2025-07-14,10:00-11:00,马冰,,,2339.49,4234.0,1.81,1003.01,0.0,4234.0,1.81,3,32,41,41,103.27,16407,8133,574,863,31,13,4.08,7.38,7.38,4906.14,59,8133,574,0.0706,541,0.9425,188,0.3475,41,0.2181,402.42,1278.0,3.18,0.172,0.0684,0.0161,9982,683,11,2005.49,3254.0,1.62,0.8572,0.0369,0.067,11732,433,29,516.61,792.0,1.53,8,0.2208
2025-07-14,11:00-12:00,彭璜,,,1986.67,3395.9,1.71,656.78,300.4,3095.5,1.56,2,25,32,34,99.88,14472,6428,509,799,31,14,3.9,6.67,6.67,4250.19,63,6428,509,0.0792,474,0.9312,154,0.3249,32,0.2078,518.13,1576.9,3.04,0.2608,0.068,0.0211,9747,663,14,1504.88,2284.9,1.52,0.7575,0.0363,0.057,9660,351,20,297.11,594.0,2.0,6,0.1496
2025-07-17,09:00-10:00,蔡仲琼,,,3125.12,5707.8,1.83,1092.37,438,5269.8,1.69,3,38,51,54,105.7,23136,13195,809,1080,40,13,3.86,7.06,7.06,5285,61,13195,809,0.0613,745,0.9209,239,0.3208,50,0.2092,781.15,2349.9,3.01,0.25,0.0544,0.0213,17231,938,20,2424.35,3484.9,1.44,0.7758,0.0325,0.0667,16164,525,35,361.4,505,1.4,5,0.1156
2025-07-17,10:00-11:00,蔡仲琼,,,4244.21,8062.6,1.90,1913.47,907.92,7154.68,1.69,12,97,118,126,63.99,48797,25342,1544,2200,40,17,2.75,5.22,5.22,3,664.82,68,25342,1544,0.609,1426,0.9236,500,0.3506,118,0.2360,1503.76,5623.7,3.74,0.3543,0.561,0.226,31578,1772,40,5977.33,8895.5,1.49,0.1408,0.308,0.775,35191,1084,84,1231.45,1297,1.05,13
2025-07-17,11:00-12:00,邝玮琪,,,4076.22,8734.9,2.14,2222.63,397,8337.9,2.05,5,15,19,22,397.04,6728,3330,196,297,40,17,20.8,44.57,44.57,29410.44,68,3330,196,0.0589,186,0.949,68,0.3656,20,0.2941,197.86,992,5.01,0.0485,0.0575,0.0306,3406,196,6,790.72,1484.3,1.88,0.194,0.0262,0.1074,4614,121,13,36.18,198,5.47,2,0.0089
2025-07-17,12:00-13:00,邝玮琪,,,5031.71,8829.51,1.75,2326.99,683.95,8145.56,1.62,7,59,74,79,111.77,30965,15088,944,1353,41,18,5.33,9.35,9.35,6525.88,69,15088,944,0.0626,878,0.9301,343,0.3907,75,0.2187,696.81,2592,3.72,0.1385,0.0574,0.0201,16446,944,19,4454.49,6827.51,1.53,0.8853,0.0337,0.076,23060,776,59,782.92,594,0.76,6,0.1556
2025-07-17,13:00-14:00,邝玮琪,,,4183.92,6124.6,1.46,1605.38,483.92,5640.68,1.35,3,53,63,67,91.41,27734,12164,866,1341,41,18,4.83,7.07,7.07,4567.19,68,12164,866,0.0712,809,0.9342,323,0.3993,61,0.1889,869.85,1550,1.78,0.2079,0.0567,0.0128,16520,936,12,3445.34,5606.43,1.63,0.8235,0.0343,0.0771,20008,687,53,214.34,277,1.29,3,0.0512
2025-07-17,14:00-15:00,邝玮琪,,,2844.93,5018.7,1.73,1286.74,735,4184.7,1.47,2,39,48,50,98.39,18777,6687,564,959,41,18,5.04,8.72,8.72,5130.03,70,6687,564,0.0843,529,0.9379,199,0.3762,48,0.2412,77.44,0,0,0.0272,0.078,0.027,1898,148,4,1098.54,1481.9,1.35,0.3861,0.0523,0.0508,4891,256,13,0,0,,0,0.0
2025-07-17,15:00-16:00,龙海梅,,,2326.62,3443.0,1.48,674.9,57,3386,1.46,2,13,18,17,202.53,9177,2843,272,443,41,18,8.55,12.66,12.66,7772.01,71,2843,272,0.0957,241,0.886,77,0.3195,17,0.2208,189.83,693,3.65,0.0816,0.0698,0.0206,4870,340,7,925.56,1431,1.55,0.3978,0.0316,0.0524,6042,191,10,361.3,396,1.1,4,0.1553
2025-07-18,07:00-08:00,马冰,,,1979.09,3363.0,1.7,686.03,0,3363,1.7,2,23,29,30,112.1,14951,10422,540,652,16,8,3.66,6.23,6.23,5157.98,40,10422,540,0.0518,238,0.4407,168,0.7059,29,0.1726,366.74,1086,2.96,0.1853,0.0516,0.012,11256,581,7,1779.44,2376,1.34,0.8991,0.0292,0.0825,9955,291,24,920.1,990,1.08,10,0.4649
2025-07-18,08:00-09:00,马冰,,,2501.7,4296.9,1.72,1159.37,293,4003.9,1.6,3,33,40,41,104.8,15735,9291,558,715,21,9,4.48,7.7,7.7,6009.65,47,9291,558,0.0601,267,0.4785,159,0.5955,41,0.2579,393.27,1622,4.12,0.1572,0.0568,0.0199,9720,552,11,2162.33,3090.7,1.43,0.8643,0.0342,0.0759,10802,369,28,593.49,782.9,1.32,8,0.2372
2025-07-18,13:00-14:00,马冰,,,2501.7,4296.9,1.72,1159.37,293,4003.9,1.6,3,33,40,41,104.8,15735,9291,558,715,21,9,4.48,7.7,7.7,6009.65,47,9291,558,0.0601,267,0.4785,159,0.5955,41,0.2579,393.27,1622,4.12,0.1572,0.0568,0.0199,9720,552,11,2162.33,3090.7,1.43,0.8643,0.0342,0.0759,10802,369,28,593.49,782.9,1.32,8,0.2372
2025-07-22,10:00-11:00,邝玮琪,,,2959.55,6535.7,2.21,1366.38,418,6117.7,2.07,5,42,59,62,105.41,21622,10663,684,993,26,11,4.33,9.56,9.56,6581.77,52,10663,684,0.0641,503,0.7354,229,0.4553,59,0.2576,585.78,2301.8,3.93,0.1979,0.058,0.0234,13238,768,18,2468.03,4530.9,1.84,0.8339,0.0313,0.0888,15478,484,43,237.9,396,1.66,4,0.0804
2025-07-22,11:00-12:00,邝玮琪,,,3955.72,8080.8,2.04,1694.72,224.63,7856.17,1.99,8,52,66,74,109.2,29364,14619,872,1267,33,13,4.54,9.27,9.27,6377.9,54,14619,872,0.0596,815,0.9346,293,0.3595,67,0.2287,791.19,3644.8,4.61,0.2,0.056,0.026,17860,1001,26,3207.48,4828,1.51,0.8108,0.0299,0.0704,21402,639,45,545.1,604,1.11,6,0.1378
2025-07-22,12:00-13:00,邝玮琪,,,3603.01,6149.9,1.71,1850.83,545.4,5604.5,1.56,2,47,62,65,94.61,31934,14584,911,1399,33,14,3.96,6.75,6.75,4,395.93,54,14584,911,6.25%,837,91.88%,273,0.3262,63,0.2308,936.85,1813,1.94,0.26,0.053,0.0134,21143,1121,15,3048.46,4994.9,1.64,0.8461,0.0292,0.0789,22128,646,51,230.29,163,0.71,2
2025-07-22,13:00-14:00,邝玮琪,,,3132.81,7303.9,2.33,1839.51,249,7054.9,2.25,4,41,55,55,132.8,22834,9430,647,1035,33,14,4.84,11.29,11.29,7056.91,55,9430,647,0.0686,593,0.9165,218,0.3676,53,0.2431,491.68,1948,3.96,0.1569,0.0573,0.0202,13855,794,16,2280.96,4662.9,2.04,0.7281,0.0289,0.0802,17295,499,40,156.17,0,0,0,0.0498
2025-07-22,14:00-15:00,彭璜,,,3427.66,6207.9,1.81,1535.59,875.29,5332.61,1.56,7,45,51,56,110.86,27848,11690,793,1221,33,15,4.32,7.83,7.83,5084.28,57,11690,793,0.0678,721,0.9092,241,0.3343,51,0.2116,538.54,1383,2.57,0.1571,0.0615,0.0108,15030,925,10,2995.35,5315.9,1.77,0.8739,0.0279,0.0753,21915,611,46,560.01,584.9,1.04,6,0.1634
2025-07-22,15:00-16:00,彭璜,,,2784.82,4658.0,1.67,1311.21,383.35,4274.65,1.53,1,39,46,48,97.04,25354,10248,639,1037,33,15,4.36,7.29,7.29,4491.8,59,10248,639,0.0624,570,0.892,216,0.3789,46,0.213,481.41,1357,2.82,0.1729,0.0539,0.015,14858,801,12,2332.94,3698,1.59,0.8377,0.0273,0.0664,19871,542,36,595.45,599,1.01,6,0.2138
2025-07-22,16:00-17:00,彭璜,,,2321.38,4675.9,2.01,1065.2,71,4604.9,1.98,2,32,41,44,106.27,21839,7252,509,884,33,15,4.56,9.19,9.19,5289.48,62,7252,509,0.0702,486,0.9548,170,0.3498,41,0.2412,400.49,1660.9,4.15,0.1725,0.0529,0.02,12267,649,13,2075.17,3411,1.64,0.8939,0.0275,0.073,16440,452,33,904.1,1862,2.06,17,0.3895,0.2412
2025-07-23,08:00-09:00,马冰,,,2159.07,4318.0,2,1150.32,491,3827,1.77,2,31,43,44,98.14,15074,8925,557,712,25,11,3.88,7.75,7.75,6064.61,57,8925,557,0.0624,257,0.4614,159,0.6187,43,0.2704,239.61,1288,5.38,0.111,0.0617,0.0205,8686,536,11,1930.77,3228,1.67,0.8943,0.0321,0.0838,11898,382,32,98.85,104,1.05,1,0.0458,0.2704
2025-07-23,09:00-10:00,马冰,,,2660.13,4473.9,1.68,969.72,122.35,4351.55,1.64,5,21,38,40,111.85,17822,8964,652,881,25,11,4.08,6.86,6.86,5078.21,55,8964,652,0.0727,304,0.4663,185,0.6086,38,0.2054,359.11,1259,3.51,0.135,0.0607,0.0138,10763,653,9,2333.7,3611.9,1.55,0.8773,0.0352,0.0628,14046,494,31,33.73,99,2.94,1,0.0127,0.2054
2025-07-23,10:00-11:00,马冰,,,3089.79,6938.0,2.25,1670.11,210.99,6727.01,2.18,10,41,56,61,113.74,26132,13436,790,1064,28,12,3.91,8.78,8.78,6520.68,59,13436,790,0.0588,694,0.8785,276,0.3977,56,0.2029,395.39,2138,5.41,0.128,0.0579,0.0154,13425,777,12,3286.63,5786,1.76,1.0637,0.0298,0.0727,22595,674,49,841.78,1758,2.09,16,0.2724,0.2029
2025-07-23,11:00-12:00,邝玮琪,,,3914.63,7122.9,1.82,1761.51,346.5,6776.4,1.73,5,40,48,59,120.73,22233,10748,661,930,31,13,5.92,10.78,10.78,7659.03,59,10748,661,0.0615,611,0.9244,232,0.3797,50,0.2155,457.78,1169.05,2.55,0.1169,0.0564,0.0133,11978,675,9,2908.41,5424.9,1.87,0.743,0.0274,0.0859,19941,547,47,849.39,792,0.93,8,0.217,0.2155
2025-07-23,12:00-13:00,邝玮琪,,,3995.28,8094.55,2.03,1844.93,665.8,7428.75,1.86,7,53,67,67,120.81,29853,13501,891,1281,38,15,4.48,9.08,9.08,6318.93,60,13501,891,0.066,823,0.9237,314,0.3815,65,0.207,650.5,2887.25,4.44,0.1628,0.0557,0.019,16956,945,18,3418.72,5142.25,1.5,0.8557,0.028,0.0652,25793,721,47,1146.14,1750.25,1.53,16,0.2869,0.207
2025-07-23,13:00-14:00,邝玮琪,,,2886.21,4748.0,1.65,1024.76,377,4371,1.51,7,24,34,39,121.74,21543,7950,649,1019,38,15,4.45,7.32,7.32,4659.47,61,7950,649,0.0816,602,0.9276,189,0.314,34,0.1799,498.04,2464,4.95,0.1726,0.0598,0.0212,13377,800,17,2395.37,2780,1.16,0.8299,0.0306,0.0403,17844,546,22,428.77,99,0.23,1,0.1486,0.1799
2025-07-23,14:00-15:00,邝玮琪,,,2961.5,5617.9,1.9,1410.89,873.47,4744.43,1.6,4,42,55,59,95.22,24867,9248,670,1084,38,15,4.42,8.38,8.38,5182.56,63,9248,670,0.0724,626,0.9343,258,0.4121,55,0.2132,379.14,2065.9,5.45,0.128,0.0611,0.0228,13635,833,19,2870.04,4210,1.47,0.9691,0.0309,0.0561,21341,659,37,818.13,1392,1.7,12,0.2763,0.2132
2025-07-23,15:00-16:00,彭璜,,,2227.14,3999.9,1.8,851.35,903.99,3095.91,1.39,5,19,26,27,148.14,15216,4463,400,735,38,15,5.57,10,10,5442.04,65,4463,400,0.0896,366,0.915,138,0.377,26,0.1884,316.16,946,2.99,0.142,0.0649,0.0133,9248,600,8,1716.58,2657.9,1.55,0.7708,0.0307,0.0496,12482,383,19,645.8,1373.9,2.13,10,0.29,0.1884
2025-07-23,16:00-17:00,彭璜,,,1734.46,3769.9,2.17,677.38,345.15,3424.75,1.97,4,27,33,38,99.21,14186,3867,395,696,38,15,4.39,9.54,9.54,5416.52,65,3867,395,0.1021,361,0.9139,114,0.3158,34,0.2982,303.85,1397,4.6,0.1752,0.062,0.0224,8635,535,12,1340.29,3025.9,2.26,0.7727,0.0306,0.0679,10596,324,22,438.23,792,1.81,8,0.2527,0.2982
2025-07-24,07:00-08:00,马冰,,,1724.44,3964.0,2.3,1058.84,159.38,3804.62,2.21,4,25,30,33,120.12,13830,9563,585,700,22,9,2.95,6.78,6.78,5662.86,46,9563,585,0.0612,229,0.3915,136,0.5939,30,0.2206,355.88,1100,3.09,0.2064,0.0619,0.013,11139,690,9,1587.84,3592,2.26,0.9208,0.0341,0.0838,10145,346,29,503.73,990,1.97,10,0.2921,0.2206
2025-07-24,08:00-09:00,马冰,,,2921.28,4874.64,1.67,1290.57,138.4,4736.24,1.62,5,30,43,45,108.33,19870,12193,712,966,24,12,4.1,6.85,6.85,5046.21,50,12193,712,0.0584,322,0.4522,183,0.5683,45,0.2459,438.53,1755,4,0.1501,0.0677,0.0156,11333,767,12,2498.63,3416.64,1.37,0.8553,0.0344,0.0594,15188,522,31,335.59,297,0.89,3,0.1149,0.2459
2025-07-24,09:00-10:00,马冰,,,3282.35,9587.9,2.92,2350.97,464.3,9123.6,2.78,11,54,82,81,118.37,21332,11610,768,1056,34,14,4.27,12.48,12.48,9079.45,60,11610,768,0.0661,416,0.5417,262,0.6298,80,0.3053,573.11,3595,6.27,0.1746,0.0609,0.0303,12457,759,23,2727.97,6190.9,2.27,0.8311,0.036,0.0991,15979,575,57,154.42,99,0.64,1,0.047,0.3053
2025-07-24,10:00-11:00,邝玮琪,,,5453.91,9471.3,1.74,2010.65,203.4,9267.9,1.7,14,68,98,100,94.71,42081,23313,1272,1769,39,17,4.29,7.45,7.45,5354.04,64,23313,1272,0.0546,1072,0.8428,468,0.4366,98,0.2094,1279.71,4234.9,3.31,0.2346,0.0593,0.0243,20167,1195,29,5339.51,8172.2,1.53,0.979,0.0294,0.0776,30684,902,70,319.19,99,0.31,1,0.0585,0.2094
